{
  "dataset": "squatting_s1_merged_model_ready",
  "samples": 20000,
  "feature_columns": {
    "capsense": [
      "C0",
      "C1",
      "C2",
      "C3",
      "C4",
      "C5",
      "C6",
      "C7",
      "C8",
      "C9",
      "C10",
      "C11"
    ],
    "accelerometer": [
      "Ax",
      "Ay",
      "Az"
    ],
    "gyroscope": [
      "Gr",
      "Gp"
    ]
  },
  "label_columns": [
    "Fx_norm",
    "Fy_norm",
    "Fz_norm"
  ],
  "normalization": {
    "capsense": {
      "paper_scale": 800.0,
      "actual_range": [
        445.0,
        745.0
      ],
      "method": "x / 800.0"
    },
    "accelerometer": {
      "scale": 9.19580078125,
      "actual_range": [
        -2.30029296875,
        9.19580078125
      ],
      "paper_range": [
        -1,
        1
      ],
      "method": "x / 9.1958  # 到[-1,1]\n    x = (x + 1) / 2  # 到[0,1]"
    },
    "gyroscope": {
      "scale": 316.5853881835937,
      "actual_range": [
        -316.5853881835937,
        139.3292694091797
      ],
      "paper_range": [
        -600,
        600
      ],
      "method": "x / 316.5854  # 到[-1,1]\n    x = (x + 1) / 2  # 到[0,1]"
    },
    "grf": {
      "Fx_norm": {
        "min": -0.0760044996451384,
        "max": 2.185565379701916,
        "range": [
          -0.0760044996451384,
          2.185565379701916
        ],
        "method": "(x - -0.076004) / (2.185565 - -0.076004)"
      },
      "Fy_norm": {
        "min": -0.8531500212916963,
        "max": 0.6208821291696238,
        "range": [
          -0.8531500212916963,
          0.6208821291696238
        ],
        "method": "(x - -0.853150) / (0.620882 - -0.853150)"
      },
      "Fz_norm": {
        "min": -0.034968757984386,
        "max": 10.647030120652945,
        "range": [
          -0.034968757984386,
          10.647030120652945
        ],
        "method": "(x - -0.034969) / (10.647030 - -0.034969)"
      }
    }
  }
}