{
  "dataset": "jump_fb_s1_merged_model_ready",
  "samples": 22373,
  "feature_columns": {
    "capsense": [
      "C0",
      "C1",
      "C2",
      "C3",
      "C4",
      "C5",
      "C6",
      "C7",
      "C8",
      "C9",
      "C10",
      "C11"
    ],
    "accelerometer": [
      "Ax",
      "Ay",
      "Az"
    ],
    "gyroscope": [
      "Gr",
      "Gp"
    ]
  },
  "label_columns": [
    "Fx_norm",
    "Fy_norm",
    "Fz_norm"
  ],
  "normalization": {
    "capsense": {
      "paper_scale": 800.0,
      "actual_range": [
        448.0,
        735.0
      ],
      "method": "x / 800.0"
    },
    "accelerometer": {
      "scale": 16.0,
      "actual_range": [
        -16.0,
        15.99951171875
      ],
      "paper_range": [
        -1,
        1
      ],
      "method": "x / 16.0000  # 到[-1,1]\n    x = (x + 1) / 2  # 到[0,1]"
    },
    "gyroscope": {
      "scale": 929.9390258789062,
      "actual_range": [
        -929.9390258789062,
        593.9024658203125
      ],
      "paper_range": [
        -600,
        600
      ],
      "method": "x / 929.9390  # 到[-1,1]\n    x = (x + 1) / 2  # 到[0,1]"
    },
    "grf": {
      "Fx_norm": {
        "min": -0.7187569765791341,
        "max": 2.667340951029099,
        "range": [
          -0.7187569765791341,
          2.667340951029099
        ],
        "method": "(x - -0.718757) / (2.667341 - -0.718757)"
      },
      "Fy_norm": {
        "min": -1.3323801419446415,
        "max": 5.171878623136977,
        "range": [
          -1.3323801419446415,
          5.171878623136977
        ],
        "method": "(x - -1.332380) / (5.171879 - -1.332380)"
      },
      "Fz_norm": {
        "min": -0.034673669268985,
        "max": 17.483299261887865,
        "range": [
          -0.034673669268985,
          17.483299261887865
        ],
        "method": "(x - -0.034674) / (17.483299 - -0.034674)"
      }
    }
  }
}