{
  "dataset": "walking_s1_merged_model_ready",
  "samples": 20888,
  "feature_columns": {
    "capsense": [
      "C0",
      "C1",
      "C2",
      "C3",
      "C4",
      "C5",
      "C6",
      "C7",
      "C8",
      "C9",
      "C10",
      "C11"
    ],
    "accelerometer": [
      "Ax",
      "Ay",
      "Az"
    ],
    "gyroscope": [
      "Gr",
      "Gp"
    ]
  },
  "label_columns": [
    "Fx_norm",
    "Fy_norm",
    "Fz_norm"
  ],
  "normalization": {
    "capsense": {
      "paper_scale": 800.0,
      "actual_range": [
        434.0,
        745.0
      ],
      "method": "x / 800.0"
    },
    "accelerometer": {
      "scale": 15.99951171875,
      "actual_range": [
        -13.8740234375,
        15.99951171875
      ],
      "paper_range": [
        -1,
        1
      ],
      "method": "x / 15.9995  # 到[-1,1]\n    x = (x + 1) / 2  # 到[0,1]"
    },
    "gyroscope": {
      "scale": 549.6341552734375,
      "actual_range": [
        -549.6341552734375,
        422.6829223632813
      ],
      "paper_range": [
        -600,
        600
      ],
      "method": "x / 549.6342  # 到[-1,1]\n    x = (x + 1) / 2  # 到[0,1]"
    },
    "grf": {
      "Fx_norm": {
        "min": -0.4163602413058906,
        "max": 2.6512556139105747,
        "range": [
          -0.4163602413058906,
          2.6512556139105747
        ],
        "method": "(x - -0.416360) / (2.651256 - -0.416360)"
      },
      "Fy_norm": {
        "min": -2.327553555713272,
        "max": 1.2964543080198725,
        "range": [
          -2.327553555713272,
          1.2964543080198725
        ],
        "method": "(x - -2.327554) / (1.296454 - -2.327554)"
      },
      "Fz_norm": {
        "min": -0.0522153016323633,
        "max": 14.317780028388928,
        "range": [
          -0.0522153016323633,
          14.317780028388928
        ],
        "method": "(x - -0.052215) / (14.317780 - -0.052215)"
      }
    }
  }
}