{
  "dataset": "jogging_s3_merged_model_ready",
  "samples": 29203,
  "feature_columns": {
    "capsense": [
      "C0",
      "C1",
      "C2",
      "C3",
      "C4",
      "C5",
      "C6",
      "C7",
      "C8",
      "C9",
      "C10",
      "C11"
    ],
    "accelerometer": [
      "Ax",
      "Ay",
      "Az"
    ],
    "gyroscope": [
      "Gr",
      "Gp"
    ]
  },
  "label_columns": [
    "Fx_norm",
    "Fy_norm",
    "Fz_norm"
  ],
  "normalization": {
    "capsense": {
      "paper_scale": 800.0,
      "actual_range": [
        297.0,
        769.0
      ],
      "method": "x / 800.0"
    },
    "accelerometer": {
      "scale": 16.0,
      "actual_range": [
        -16.0,
        13.23095703125
      ],
      "paper_range": [
        -1,
        1
      ],
      "method": "x / 16.0000  # 到[-1,1]\n    x = (x + 1) / 2  # 到[0,1]"
    },
    "gyroscope": {
      "scale": 816.7073364257812,
      "actual_range": [
        -816.7073364257812,
        505.5487976074219
      ],
      "paper_range": [
        -600,
        600
      ],
      "method": "x / 816.7073  # 到[-1,1]\n    x = (x + 1) / 2  # 到[0,1]"
    },
    "grf": {
      "Fx_norm": {
        "min": -0.2568804422253923,
        "max": 4.138464308131242,
        "range": [
          -0.2568804422253923,
          4.138464308131242
        ],
        "method": "(x - -0.256880) / (4.138464 - -0.256880)"
      },
      "Fy_norm": {
        "min": -2.280559258202568,
        "max": 4.431422596291013,
        "range": [
          -2.280559258202568,
          4.431422596291013
        ],
        "method": "(x - -2.280559) / (4.431423 - -2.280559)"
      },
      "Fz_norm": {
        "min": -0.0530137660485021,
        "max": 24.66831215406562,
        "range": [
          -0.0530137660485021,
          24.66831215406562
        ],
        "method": "(x - -0.053014) / (24.668312 - -0.053014)"
      }
    }
  }
}