{
  "dataset": "squatting_s4_merged_model_ready",
  "samples": 28889,
  "feature_columns": {
    "capsense": [
      "C0",
      "C1",
      "C2",
      "C3",
      "C4",
      "C5",
      "C6",
      "C7",
      "C8",
      "C9",
      "C10",
      "C11"
    ],
    "accelerometer": [
      "Ax",
      "Ay",
      "Az"
    ],
    "gyroscope": [
      "Gr",
      "Gp"
    ]
  },
  "label_columns": [
    "Fx_norm",
    "Fy_norm",
    "Fz_norm"
  ],
  "normalization": {
    "capsense": {
      "paper_scale": 800.0,
      "actual_range": [
        425.0,
        729.0
      ],
      "method": "x / 800.0"
    },
    "accelerometer": {
      "scale": 1.05126953125,
      "actual_range": [
        -0.12060546875,
        1.05126953125
      ],
      "paper_range": [
        -1,
        1
      ],
      "method": "x / 1.0513  # 到[-1,1]\n    x = (x + 1) / 2  # 到[0,1]"
    },
    "gyroscope": {
      "scale": 42.5,
      "actual_range": [
        -27.19512176513672,
        42.5
      ],
      "paper_range": [
        -600,
        600
      ],
      "method": "x / 42.5000  # 到[-1,1]\n    x = (x + 1) / 2  # 到[0,1]"
    },
    "grf": {
      "Fx_norm": {
        "min": -0.5935073415492957,
        "max": 0.8905433274647888,
        "range": [
          -0.5935073415492957,
          0.8905433274647888
        ],
        "method": "(x - -0.593507) / (0.890543 - -0.593507)"
      },
      "Fy_norm": {
        "min": -0.4936670422535211,
        "max": 0.3031526584507042,
        "range": [
          -0.4936670422535211,
          0.3031526584507042
        ],
        "method": "(x - -0.493667) / (0.303153 - -0.493667)"
      },
      "Fz_norm": {
        "min": 2.284320035211268,
        "max": 8.3920925,
        "range": [
          2.284320035211268,
          8.3920925
        ],
        "method": "(x - 2.284320) / (8.392093 - 2.284320)"
      }
    }
  }
}