{
  "dataset": "jump_fb_s2_merged_model_ready",
  "samples": 27803,
  "feature_columns": {
    "capsense": [
      "C0",
      "C1",
      "C2",
      "C3",
      "C4",
      "C5",
      "C6",
      "C7",
      "C8",
      "C9",
      "C10",
      "C11"
    ],
    "accelerometer": [
      "Ax",
      "Ay",
      "Az"
    ],
    "gyroscope": [
      "Gr",
      "Gp"
    ]
  },
  "label_columns": [
    "Fx_norm",
    "Fy_norm",
    "Fz_norm"
  ],
  "normalization": {
    "capsense": {
      "paper_scale": 800.0,
      "actual_range": [
        407.0,
        755.0
      ],
      "method": "x / 800.0"
    },
    "accelerometer": {
      "scale": 16.0,
      "actual_range": [
        -16.0,
        15.99951171875
      ],
      "paper_range": [
        -1,
        1
      ],
      "method": "x / 16.0000  # 到[-1,1]\n    x = (x + 1) / 2  # 到[0,1]"
    },
    "gyroscope": {
      "scale": 735.48779296875,
      "actual_range": [
        -735.48779296875,
        575.9146728515625
      ],
      "paper_range": [
        -600,
        600
      ],
      "method": "x / 735.4878  # 到[-1,1]\n    x = (x + 1) / 2  # 到[0,1]"
    },
    "grf": {
      "Fx_norm": {
        "min": -0.2173994240837696,
        "max": 2.300891910994764,
        "range": [
          -0.2173994240837696,
          2.300891910994764
        ],
        "method": "(x - -0.217399) / (2.300892 - -0.217399)"
      },
      "Fy_norm": {
        "min": -0.7834918455497382,
        "max": 6.114661780104711,
        "range": [
          -0.7834918455497382,
          6.114661780104711
        ],
        "method": "(x - -0.783492) / (6.114662 - -0.783492)"
      },
      "Fz_norm": {
        "min": -0.0377887172774869,
        "max": 18.63577492146597,
        "range": [
          -0.0377887172774869,
          18.63577492146597
        ],
        "method": "(x - -0.037789) / (18.635775 - -0.037789)"
      }
    }
  }
}