{
  "dataset": "jump_fb_s5_merged_model_ready",
  "samples": 29718,
  "feature_columns": {
    "capsense": [
      "C0",
      "C1",
      "C2",
      "C3",
      "C4",
      "C5",
      "C6",
      "C7",
      "C8",
      "C9",
      "C10",
      "C11"
    ],
    "accelerometer": [
      "Ax",
      "Ay",
      "Az"
    ],
    "gyroscope": [
      "Gr",
      "Gp"
    ]
  },
  "label_columns": [
    "Fx_norm",
    "Fy_norm",
    "Fz_norm"
  ],
  "normalization": {
    "capsense": {
      "paper_scale": 800.0,
      "actual_range": [
        303.0,
        769.0
      ],
      "method": "x / 800.0"
    },
    "accelerometer": {
      "scale": 16.0,
      "actual_range": [
        -16.0,
        10.58203125
      ],
      "paper_range": [
        -1,
        1
      ],
      "method": "x / 16.0000  # 到[-1,1]\n    x = (x + 1) / 2  # 到[0,1]"
    },
    "gyroscope": {
      "scale": 760.0609741210938,
      "actual_range": [
        -760.0609741210938,
        597.743896484375
      ],
      "paper_range": [
        -600,
        600
      ],
      "method": "x / 760.0610  # 到[-1,1]\n    x = (x + 1) / 2  # 到[0,1]"
    },
    "grf": {
      "Fx_norm": {
        "min": -0.5627404411764706,
        "max": 4.29076442513369,
        "range": [
          -0.5627404411764706,
          4.29076442513369
        ],
        "method": "(x - -0.562740) / (4.290764 - -0.562740)"
      },
      "Fy_norm": {
        "min": -1.3968385561497327,
        "max": 8.149287740641713,
        "range": [
          -1.3968385561497327,
          8.149287740641713
        ],
        "method": "(x - -1.396839) / (8.149288 - -1.396839)"
      },
      "Fz_norm": {
        "min": -0.0441244786096256,
        "max": 23.18961422459893,
        "range": [
          -0.0441244786096256,
          23.18961422459893
        ],
        "method": "(x - -0.044124) / (23.189614 - -0.044124)"
      }
    }
  }
}