{
  "dataset": "swaying_s5_merged_model_ready",
  "samples": 30492,
  "feature_columns": {
    "capsense": [
      "C0",
      "C1",
      "C2",
      "C3",
      "C4",
      "C5",
      "C6",
      "C7",
      "C8",
      "C9",
      "C10",
      "C11"
    ],
    "accelerometer": [
      "Ax",
      "Ay",
      "Az"
    ],
    "gyroscope": [
      "Gr",
      "Gp"
    ]
  },
  "label_columns": [
    "Fx_norm",
    "Fy_norm",
    "Fz_norm"
  ],
  "normalization": {
    "capsense": {
      "paper_scale": 800.0,
      "actual_range": [
        313.0,
        759.0
      ],
      "method": "x / 800.0"
    },
    "accelerometer": {
      "scale": 8.34326171875,
      "actual_range": [
        -4.9599609375,
        8.34326171875
      ],
      "paper_range": [
        -1,
        1
      ],
      "method": "x / 8.3433  # 到[-1,1]\n    x = (x + 1) / 2  # 到[0,1]"
    },
    "gyroscope": {
      "scale": 315.6097717285156,
      "actual_range": [
        -315.6097717285156,
        180.60975646972656
      ],
      "paper_range": [
        -600,
        600
      ],
      "method": "x / 315.6098  # 到[-1,1]\n    x = (x + 1) / 2  # 到[0,1]"
    },
    "grf": {
      "Fx_norm": {
        "min": -0.9812841711229948,
        "max": 1.2043336096256685,
        "range": [
          -0.9812841711229948,
          1.2043336096256685
        ],
        "method": "(x - -0.981284) / (1.204334 - -0.981284)"
      },
      "Fy_norm": {
        "min": -0.4070830614973262,
        "max": 0.4615069652406418,
        "range": [
          -0.4070830614973262,
          0.4615069652406418
        ],
        "method": "(x - -0.407083) / (0.461507 - -0.407083)"
      },
      "Fz_norm": {
        "min": -4.034987393048128,
        "max": 6.518570748663102,
        "range": [
          -4.034987393048128,
          6.518570748663102
        ],
        "method": "(x - -4.034987) / (6.518571 - -4.034987)"
      }
    }
  }
}