{
  "dataset": "walking_s5_merged_model_ready",
  "samples": 29677,
  "feature_columns": {
    "capsense": [
      "C0",
      "C1",
      "C2",
      "C3",
      "C4",
      "C5",
      "C6",
      "C7",
      "C8",
      "C9",
      "C10",
      "C11"
    ],
    "accelerometer": [
      "Ax",
      "Ay",
      "Az"
    ],
    "gyroscope": [
      "Gr",
      "Gp"
    ]
  },
  "label_columns": [
    "Fx_norm",
    "Fy_norm",
    "Fz_norm"
  ],
  "normalization": {
    "capsense": {
      "paper_scale": 800.0,
      "actual_range": [
        384.0,
        755.0
      ],
      "method": "x / 800.0"
    },
    "accelerometer": {
      "scale": 8.33447265625,
      "actual_range": [
        -8.33447265625,
        7.7998046875
      ],
      "paper_range": [
        -1,
        1
      ],
      "method": "x / 8.3345  # 到[-1,1]\n    x = (x + 1) / 2  # 到[0,1]"
    },
    "gyroscope": {
      "scale": 331.82928466796875,
      "actual_range": [
        -331.82928466796875,
        292.01220703125
      ],
      "paper_range": [
        -600,
        600
      ],
      "method": "x / 331.8293  # 到[-1,1]\n    x = (x + 1) / 2  # 到[0,1]"
    },
    "grf": {
      "Fx_norm": {
        "min": -1.4405642245989303,
        "max": 1.0154508155080213,
        "range": [
          -1.4405642245989303,
          1.0154508155080213
        ],
        "method": "(x - -1.440564) / (1.015451 - -1.440564)"
      },
      "Fy_norm": {
        "min": -1.003237981283423,
        "max": 0.8113331550802139,
        "range": [
          -1.003237981283423,
          0.8113331550802139
        ],
        "method": "(x - -1.003238) / (0.811333 - -1.003238)"
      },
      "Fz_norm": {
        "min": -4.666800227272728,
        "max": 6.619475494652407,
        "range": [
          -4.666800227272728,
          6.619475494652407
        ],
        "method": "(x - -4.666800) / (6.619475 - -4.666800)"
      }
    }
  }
}