{
  "dataset": "walking_s2_merged_model_ready",
  "samples": 28107,
  "feature_columns": {
    "capsense": [
      "C0",
      "C1",
      "C2",
      "C3",
      "C4",
      "C5",
      "C6",
      "C7",
      "C8",
      "C9",
      "C10",
      "C11"
    ],
    "accelerometer": [
      "Ax",
      "Ay",
      "Az"
    ],
    "gyroscope": [
      "Gr",
      "Gp"
    ]
  },
  "label_columns": [
    "Fx_norm",
    "Fy_norm",
    "Fz_norm"
  ],
  "normalization": {
    "capsense": {
      "paper_scale": 800.0,
      "actual_range": [
        421.0,
        740.0
      ],
      "method": "x / 800.0"
    },
    "accelerometer": {
      "scale": 4.59619140625,
      "actual_range": [
        -2.32373046875,
        4.59619140625
      ],
      "paper_range": [
        -1,
        1
      ],
      "method": "x / 4.5962  # 到[-1,1]\n    x = (x + 1) / 2  # 到[0,1]"
    },
    "gyroscope": {
      "scale": 214.3292694091797,
      "actual_range": [
        -214.3292694091797,
        147.43902587890625
      ],
      "paper_range": [
        -600,
        600
      ],
      "method": "x / 214.3293  # 到[-1,1]\n    x = (x + 1) / 2  # 到[0,1]"
    },
    "grf": {
      "Fx_norm": {
        "min": -0.1235058246073298,
        "max": 1.278362120418848,
        "range": [
          -0.1235058246073298,
          1.278362120418848
        ],
        "method": "(x - -0.123506) / (1.278362 - -0.123506)"
      },
      "Fy_norm": {
        "min": -0.9528019109947644,
        "max": 0.2351120811518324,
        "range": [
          -0.9528019109947644,
          0.2351120811518324
        ],
        "method": "(x - -0.952802) / (0.235112 - -0.952802)"
      },
      "Fz_norm": {
        "min": -0.067951060209424,
        "max": 10.39872145287958,
        "range": [
          -0.067951060209424,
          10.39872145287958
        ],
        "method": "(x - -0.067951) / (10.398721 - -0.067951)"
      }
    }
  }
}