{
  "dataset": "jogging_s1_merged_model_ready",
  "samples": 21280,
  "feature_columns": {
    "capsense": [
      "C0",
      "C1",
      "C2",
      "C3",
      "C4",
      "C5",
      "C6",
      "C7",
      "C8",
      "C9",
      "C10",
      "C11"
    ],
    "accelerometer": [
      "Ax",
      "Ay",
      "Az"
    ],
    "gyroscope": [
      "Gr",
      "Gp"
    ]
  },
  "label_columns": [
    "Fx_norm",
    "Fy_norm",
    "Fz_norm"
  ],
  "normalization": {
    "capsense": {
      "paper_scale": 800.0,
      "actual_range": [
        355.0,
        749.0
      ],
      "method": "x / 800.0"
    },
    "accelerometer": {
      "scale": 16.0,
      "actual_range": [
        -16.0,
        15.99951171875
      ],
      "paper_range": [
        -1,
        1
      ],
      "method": "x / 16.0000  # 到[-1,1]\n    x = (x + 1) / 2  # 到[0,1]"
    },
    "gyroscope": {
      "scale": 653.6585693359375,
      "actual_range": [
        -653.6585693359375,
        447.4390258789063
      ],
      "paper_range": [
        -600,
        600
      ],
      "method": "x / 653.6586  # 到[-1,1]\n    x = (x + 1) / 2  # 到[0,1]"
    },
    "grf": {
      "Fx_norm": {
        "min": -0.5902857771469127,
        "max": 4.779482498225692,
        "range": [
          -0.5902857771469127,
          4.779482498225692
        ],
        "method": "(x - -0.590286) / (4.779482 - -0.590286)"
      },
      "Fy_norm": {
        "min": -2.177135926188786,
        "max": 3.664111525904897,
        "range": [
          -2.177135926188786,
          3.664111525904897
        ],
        "method": "(x - -2.177136) / (3.664112 - -2.177136)"
      },
      "Fz_norm": {
        "min": -0.0407123349893541,
        "max": 23.45560863023421,
        "range": [
          -0.0407123349893541,
          23.45560863023421
        ],
        "method": "(x - -0.040712) / (23.455609 - -0.040712)"
      }
    }
  }
}