{
  "dataset": "walking_s3_merged_model_ready",
  "samples": 30098,
  "feature_columns": {
    "capsense": [
      "C0",
      "C1",
      "C2",
      "C3",
      "C4",
      "C5",
      "C6",
      "C7",
      "C8",
      "C9",
      "C10",
      "C11"
    ],
    "accelerometer": [
      "Ax",
      "Ay",
      "Az"
    ],
    "gyroscope": [
      "Gr",
      "Gp"
    ]
  },
  "label_columns": [
    "Fx_norm",
    "Fy_norm",
    "Fz_norm"
  ],
  "normalization": {
    "capsense": {
      "paper_scale": 800.0,
      "actual_range": [
        412.0,
        753.0
      ],
      "method": "x / 800.0"
    },
    "accelerometer": {
      "scale": 14.04150390625,
      "actual_range": [
        -14.04150390625,
        12.33935546875
      ],
      "paper_range": [
        -1,
        1
      ],
      "method": "x / 14.0415  # 到[-1,1]\n    x = (x + 1) / 2  # 到[0,1]"
    },
    "gyroscope": {
      "scale": 872.5609741210938,
      "actual_range": [
        -872.5609741210938,
        462.8658752441406
      ],
      "paper_range": [
        -600,
        600
      ],
      "method": "x / 872.5610  # 到[-1,1]\n    x = (x + 1) / 2  # 到[0,1]"
    },
    "grf": {
      "Fx_norm": {
        "min": -2.381133994293866,
        "max": 2.060972881597717,
        "range": [
          -2.381133994293866,
          2.060972881597717
        ],
        "method": "(x - -2.381134) / (2.060973 - -2.381134)"
      },
      "Fy_norm": {
        "min": -4.586125834522111,
        "max": 2.7949526533523543,
        "range": [
          -4.586125834522111,
          2.7949526533523543
        ],
        "method": "(x - -4.586126) / (2.794953 - -4.586126)"
      },
      "Fz_norm": {
        "min": -0.0539610128388017,
        "max": 21.911331055634808,
        "range": [
          -0.0539610128388017,
          21.911331055634808
        ],
        "method": "(x - -0.053961) / (21.911331 - -0.053961)"
      }
    }
  }
}