{
  "dataset": "jump_inplace_s1_merged_model_ready",
  "samples": 19809,
  "feature_columns": {
    "capsense": [
      "C0",
      "C1",
      "C2",
      "C3",
      "C4",
      "C5",
      "C6",
      "C7",
      "C8",
      "C9",
      "C10",
      "C11"
    ],
    "accelerometer": [
      "Ax",
      "Ay",
      "Az"
    ],
    "gyroscope": [
      "Gr",
      "Gp"
    ]
  },
  "label_columns": [
    "Fx_norm",
    "Fy_norm",
    "Fz_norm"
  ],
  "normalization": {
    "capsense": {
      "paper_scale": 800.0,
      "actual_range": [
        414.0,
        753.0
      ],
      "method": "x / 800.0"
    },
    "accelerometer": {
      "scale": 13.90576171875,
      "actual_range": [
        -10.62548828125,
        13.90576171875
      ],
      "paper_range": [
        -1,
        1
      ],
      "method": "x / 13.9058  # 到[-1,1]\n    x = (x + 1) / 2  # 到[0,1]"
    },
    "gyroscope": {
      "scale": 995.792724609375,
      "actual_range": [
        -995.792724609375,
        592.6829223632812
      ],
      "paper_range": [
        -600,
        600
      ],
      "method": "x / 995.7927  # 到[-1,1]\n    x = (x + 1) / 2  # 到[0,1]"
    },
    "grf": {
      "Fx_norm": {
        "min": -0.3524175727466288,
        "max": 4.195345748757984,
        "range": [
          -0.3524175727466288,
          4.195345748757984
        ],
        "method": "(x - -0.352418) / (4.195346 - -0.352418)"
      },
      "Fy_norm": {
        "min": -4.181153229240596,
        "max": 5.057704357700496,
        "range": [
          -4.181153229240596,
          5.057704357700496
        ],
        "method": "(x - -4.181153) / (5.057704 - -4.181153)"
      },
      "Fz_norm": {
        "min": -0.0349518949609652,
        "max": 23.36444235628105,
        "range": [
          -0.0349518949609652,
          23.36444235628105
        ],
        "method": "(x - -0.034952) / (23.364442 - -0.034952)"
      }
    }
  }
}