{
  "dataset": "jump_inplace_s2_merged_model_ready",
  "samples": 29899,
  "feature_columns": {
    "capsense": [
      "C0",
      "C1",
      "C2",
      "C3",
      "C4",
      "C5",
      "C6",
      "C7",
      "C8",
      "C9",
      "C10",
      "C11"
    ],
    "accelerometer": [
      "Ax",
      "Ay",
      "Az"
    ],
    "gyroscope": [
      "Gr",
      "Gp"
    ]
  },
  "label_columns": [
    "Fx_norm",
    "Fy_norm",
    "Fz_norm"
  ],
  "normalization": {
    "capsense": {
      "paper_scale": 800.0,
      "actual_range": [
        392.0,
        765.0
      ],
      "method": "x / 800.0"
    },
    "accelerometer": {
      "scale": 12.19189453125,
      "actual_range": [
        -10.4619140625,
        12.19189453125
      ],
      "paper_range": [
        -1,
        1
      ],
      "method": "x / 12.1919  # 到[-1,1]\n    x = (x + 1) / 2  # 到[0,1]"
    },
    "gyroscope": {
      "scale": 529.4512329101562,
      "actual_range": [
        -529.4512329101562,
        382.5
      ],
      "paper_range": [
        -600,
        600
      ],
      "method": "x / 529.4512  # 到[-1,1]\n    x = (x + 1) / 2  # 到[0,1]"
    },
    "grf": {
      "Fx_norm": {
        "min": -0.9256640837696336,
        "max": 2.004076308900524,
        "range": [
          -0.9256640837696336,
          2.004076308900524
        ],
        "method": "(x - -0.925664) / (2.004076 - -0.925664)"
      },
      "Fy_norm": {
        "min": -1.8737799345549733,
        "max": 1.90165804973822,
        "range": [
          -1.8737799345549733,
          1.90165804973822
        ],
        "method": "(x - -1.873780) / (1.901658 - -1.873780)"
      },
      "Fz_norm": {
        "min": -0.0974313743455497,
        "max": 20.57582342931937,
        "range": [
          -0.0974313743455497,
          20.57582342931937
        ],
        "method": "(x - -0.097431) / (20.575823 - -0.097431)"
      }
    }
  }
}