{
  "dataset": "squatting_s2_merged_model_ready",
  "samples": 25478,
  "feature_columns": {
    "capsense": [
      "C0",
      "C1",
      "C2",
      "C3",
      "C4",
      "C5",
      "C6",
      "C7",
      "C8",
      "C9",
      "C10",
      "C11"
    ],
    "accelerometer": [
      "Ax",
      "Ay",
      "Az"
    ],
    "gyroscope": [
      "Gr",
      "Gp"
    ]
  },
  "label_columns": [
    "Fx_norm",
    "Fy_norm",
    "Fz_norm"
  ],
  "normalization": {
    "capsense": {
      "paper_scale": 800.0,
      "actual_range": [
        418.0,
        752.0
      ],
      "method": "x / 800.0"
    },
    "accelerometer": {
      "scale": 1.8525390625,
      "actual_range": [
        -1.29345703125,
        1.8525390625
      ],
      "paper_range": [
        -1,
        1
      ],
      "method": "x / 1.8525  # 到[-1,1]\n    x = (x + 1) / 2  # 到[0,1]"
    },
    "gyroscope": {
      "scale": 204.69512939453125,
      "actual_range": [
        -204.69512939453125,
        178.65853881835938
      ],
      "paper_range": [
        -600,
        600
      ],
      "method": "x / 204.6951  # 到[-1,1]\n    x = (x + 1) / 2  # 到[0,1]"
    },
    "grf": {
      "Fx_norm": {
        "min": -0.2534783246073298,
        "max": 1.1703537434554974,
        "range": [
          -0.2534783246073298,
          1.1703537434554974
        ],
        "method": "(x - -0.253478) / (1.170354 - -0.253478)"
      },
      "Fy_norm": {
        "min": -1.26965222513089,
        "max": 0.4224022120418848,
        "range": [
          -1.26965222513089,
          0.4224022120418848
        ],
        "method": "(x - -1.269652) / (0.422402 - -1.269652)"
      },
      "Fz_norm": {
        "min": -0.0396195811518324,
        "max": 9.850750811518324,
        "range": [
          -0.0396195811518324,
          9.850750811518324
        ],
        "method": "(x - -0.039620) / (9.850751 - -0.039620)"
      }
    }
  }
}