{
  "dataset": "squatting_s3_merged_model_ready",
  "samples": 25866,
  "feature_columns": {
    "capsense": [
      "C0",
      "C1",
      "C2",
      "C3",
      "C4",
      "C5",
      "C6",
      "C7",
      "C8",
      "C9",
      "C10",
      "C11"
    ],
    "accelerometer": [
      "Ax",
      "Ay",
      "Az"
    ],
    "gyroscope": [
      "Gr",
      "Gp"
    ]
  },
  "label_columns": [
    "Fx_norm",
    "Fy_norm",
    "Fz_norm"
  ],
  "normalization": {
    "capsense": {
      "paper_scale": 800.0,
      "actual_range": [
        423.0,
        750.0
      ],
      "method": "x / 800.0"
    },
    "accelerometer": {
      "scale": 5.59228515625,
      "actual_range": [
        -4.34033203125,
        5.59228515625
      ],
      "paper_range": [
        -1,
        1
      ],
      "method": "x / 5.5923  # 到[-1,1]\n    x = (x + 1) / 2  # 到[0,1]"
    },
    "gyroscope": {
      "scale": 471.3414611816406,
      "actual_range": [
        -471.3414611816406,
        372.1951293945313
      ],
      "paper_range": [
        -600,
        600
      ],
      "method": "x / 471.3415  # 到[-1,1]\n    x = (x + 1) / 2  # 到[0,1]"
    },
    "grf": {
      "Fx_norm": {
        "min": -0.2902957061340941,
        "max": 2.0570864621968616,
        "range": [
          -0.2902957061340941,
          2.0570864621968616
        ],
        "method": "(x - -0.290296) / (2.057086 - -0.290296)"
      },
      "Fy_norm": {
        "min": -1.1449573609129815,
        "max": 1.231848416547789,
        "range": [
          -1.1449573609129815,
          1.231848416547789
        ],
        "method": "(x - -1.144957) / (1.231848 - -1.144957)"
      },
      "Fz_norm": {
        "min": -0.0516209415121255,
        "max": 15.278674322396576,
        "range": [
          -0.0516209415121255,
          15.278674322396576
        ],
        "method": "(x - -0.051621) / (15.278674 - -0.051621)"
      }
    }
  }
}