{
  "dataset": "jogging_s2_merged_model_ready",
  "samples": 29081,
  "feature_columns": {
    "capsense": [
      "C0",
      "C1",
      "C2",
      "C3",
      "C4",
      "C5",
      "C6",
      "C7",
      "C8",
      "C9",
      "C10",
      "C11"
    ],
    "accelerometer": [
      "Ax",
      "Ay",
      "Az"
    ],
    "gyroscope": [
      "Gr",
      "Gp"
    ]
  },
  "label_columns": [
    "Fx_norm",
    "Fy_norm",
    "Fz_norm"
  ],
  "normalization": {
    "capsense": {
      "paper_scale": 800.0,
      "actual_range": [
        390.0,
        750.0
      ],
      "method": "x / 800.0"
    },
    "accelerometer": {
      "scale": 6.06201171875,
      "actual_range": [
        -5.02880859375,
        6.06201171875
      ],
      "paper_range": [
        -1,
        1
      ],
      "method": "x / 6.0620  # 到[-1,1]\n    x = (x + 1) / 2  # 到[0,1]"
    },
    "gyroscope": {
      "scale": 489.0244140625,
      "actual_range": [
        -396.4024353027344,
        489.0244140625
      ],
      "paper_range": [
        -600,
        600
      ],
      "method": "x / 489.0244  # 到[-1,1]\n    x = (x + 1) / 2  # 到[0,1]"
    },
    "grf": {
      "Fx_norm": {
        "min": -0.270949502617801,
        "max": 2.791141348167539,
        "range": [
          -0.270949502617801,
          2.791141348167539
        ],
        "method": "(x - -0.270950) / (2.791141 - -0.270950)"
      },
      "Fy_norm": {
        "min": -1.5050936649214657,
        "max": 1.038623664921466,
        "range": [
          -1.5050936649214657,
          1.038623664921466
        ],
        "method": "(x - -1.505094) / (1.038624 - -1.505094)"
      },
      "Fz_norm": {
        "min": -0.0437185209424083,
        "max": 23.366802918848165,
        "range": [
          -0.0437185209424083,
          23.366802918848165
        ],
        "method": "(x - -0.043719) / (23.366803 - -0.043719)"
      }
    }
  }
}