{
  "dataset": "squatting_s5_merged_model_ready",
  "samples": 28103,
  "feature_columns": {
    "capsense": [
      "C0",
      "C1",
      "C2",
      "C3",
      "C4",
      "C5",
      "C6",
      "C7",
      "C8",
      "C9",
      "C10",
      "C11"
    ],
    "accelerometer": [
      "Ax",
      "Ay",
      "Az"
    ],
    "gyroscope": [
      "Gr",
      "Gp"
    ]
  },
  "label_columns": [
    "Fx_norm",
    "Fy_norm",
    "Fz_norm"
  ],
  "normalization": {
    "capsense": {
      "paper_scale": 800.0,
      "actual_range": [
        388.0,
        744.0
      ],
      "method": "x / 800.0"
    },
    "accelerometer": {
      "scale": 3.1376953125,
      "actual_range": [
        -1.13818359375,
        3.1376953125
      ],
      "paper_range": [
        -1,
        1
      ],
      "method": "x / 3.1377  # 到[-1,1]\n    x = (x + 1) / 2  # 到[0,1]"
    },
    "gyroscope": {
      "scale": 114.2073211669922,
      "actual_range": [
        -114.2073211669922,
        85.12195587158203
      ],
      "paper_range": [
        -600,
        600
      ],
      "method": "x / 114.2073  # 到[-1,1]\n    x = (x + 1) / 2  # 到[0,1]"
    },
    "grf": {
      "Fx_norm": {
        "min": -0.4265218983957219,
        "max": 1.5970154679144386,
        "range": [
          -0.4265218983957219,
          1.5970154679144386
        ],
        "method": "(x - -0.426522) / (1.597015 - -0.426522)"
      },
      "Fy_norm": {
        "min": -0.488566885026738,
        "max": 0.4283820320855616,
        "range": [
          -0.488566885026738,
          0.4283820320855616
        ],
        "method": "(x - -0.488567) / (0.428382 - -0.488567)"
      },
      "Fz_norm": {
        "min": -0.026034050802139,
        "max": 10.030310053475937,
        "range": [
          -0.026034050802139,
          10.030310053475937
        ],
        "method": "(x - -0.026034) / (10.030310 - -0.026034)"
      }
    }
  }
}