{
  "dataset": "swaying_s2_merged_model_ready",
  "samples": 28156,
  "feature_columns": {
    "capsense": [
      "C0",
      "C1",
      "C2",
      "C3",
      "C4",
      "C5",
      "C6",
      "C7",
      "C8",
      "C9",
      "C10",
      "C11"
    ],
    "accelerometer": [
      "Ax",
      "Ay",
      "Az"
    ],
    "gyroscope": [
      "Gr",
      "Gp"
    ]
  },
  "label_columns": [
    "Fx_norm",
    "Fy_norm",
    "Fz_norm"
  ],
  "normalization": {
    "capsense": {
      "paper_scale": 800.0,
      "actual_range": [
        408.0,
        746.0
      ],
      "method": "x / 800.0"
    },
    "accelerometer": {
      "scale": 5.05078125,
      "actual_range": [
        -2.70361328125,
        5.05078125
      ],
      "paper_range": [
        -1,
        1
      ],
      "method": "x / 5.0508  # 到[-1,1]\n    x = (x + 1) / 2  # 到[0,1]"
    },
    "gyroscope": {
      "scale": 334.268310546875,
      "actual_range": [
        -185.0609741210937,
        334.268310546875
      ],
      "paper_range": [
        -600,
        600
      ],
      "method": "x / 334.2683  # 到[-1,1]\n    x = (x + 1) / 2  # 到[0,1]"
    },
    "grf": {
      "Fx_norm": {
        "min": -0.2265647120418847,
        "max": 2.1047113874345547,
        "range": [
          -0.2265647120418847,
          2.1047113874345547
        ],
        "method": "(x - -0.226565) / (2.104711 - -0.226565)"
      },
      "Fy_norm": {
        "min": -0.5040503141361257,
        "max": 0.2740787696335078,
        "range": [
          -0.5040503141361257,
          0.2740787696335078
        ],
        "method": "(x - -0.504050) / (0.274079 - -0.504050)"
      },
      "Fz_norm": {
        "min": -0.0438647382198952,
        "max": 9.964225863874344,
        "range": [
          -0.0438647382198952,
          9.964225863874344
        ],
        "method": "(x - -0.043865) / (9.964226 - -0.043865)"
      }
    }
  }
}