{
  "dataset": "jump_fb_s3_merged_model_ready",
  "samples": 18474,
  "feature_columns": {
    "capsense": [
      "C0",
      "C1",
      "C2",
      "C3",
      "C4",
      "C5",
      "C6",
      "C7",
      "C8",
      "C9",
      "C10",
      "C11"
    ],
    "accelerometer": [
      "Ax",
      "Ay",
      "Az"
    ],
    "gyroscope": [
      "Gr",
      "Gp"
    ]
  },
  "label_columns": [
    "Fx_norm",
    "Fy_norm",
    "Fz_norm"
  ],
  "normalization": {
    "capsense": {
      "paper_scale": 800.0,
      "actual_range": [
        324.0,
        767.0
      ],
      "method": "x / 800.0"
    },
    "accelerometer": {
      "scale": 16.0,
      "actual_range": [
        -16.0,
        15.99951171875
      ],
      "paper_range": [
        -1,
        1
      ],
      "method": "x / 16.0000  # 到[-1,1]\n    x = (x + 1) / 2  # 到[0,1]"
    },
    "gyroscope": {
      "scale": 1026.58544921875,
      "actual_range": [
        -1026.58544921875,
        908.780517578125
      ],
      "paper_range": [
        -600,
        600
      ],
      "method": "x / 1026.5854  # 到[-1,1]\n    x = (x + 1) / 2  # 到[0,1]"
    },
    "grf": {
      "Fx_norm": {
        "min": -0.7137136233951499,
        "max": 2.614772667617689,
        "range": [
          -0.7137136233951499,
          2.614772667617689
        ],
        "method": "(x - -0.713714) / (2.614773 - -0.713714)"
      },
      "Fy_norm": {
        "min": -1.339543152639087,
        "max": 8.100307931526391,
        "range": [
          -1.339543152639087,
          8.100307931526391
        ],
        "method": "(x - -1.339543) / (8.100308 - -1.339543)"
      },
      "Fz_norm": {
        "min": -0.0441047646219686,
        "max": 20.517345620542084,
        "range": [
          -0.0441047646219686,
          20.517345620542084
        ],
        "method": "(x - -0.044105) / (20.517346 - -0.044105)"
      }
    }
  }
}