{
  "dataset": "walking_s4_merged_model_ready",
  "samples": 30457,
  "feature_columns": {
    "capsense": [
      "C0",
      "C1",
      "C2",
      "C3",
      "C4",
      "C5",
      "C6",
      "C7",
      "C8",
      "C9",
      "C10",
      "C11"
    ],
    "accelerometer": [
      "Ax",
      "Ay",
      "Az"
    ],
    "gyroscope": [
      "Gr",
      "Gp"
    ]
  },
  "label_columns": [
    "Fx_norm",
    "Fy_norm",
    "Fz_norm"
  ],
  "normalization": {
    "capsense": {
      "paper_scale": 800.0,
      "actual_range": [
        413.0,
        757.0
      ],
      "method": "x / 800.0"
    },
    "accelerometer": {
      "scale": 6.3759765625,
      "actual_range": [
        -5.11181640625,
        6.3759765625
      ],
      "paper_range": [
        -1,
        1
      ],
      "method": "x / 6.3760  # 到[-1,1]\n    x = (x + 1) / 2  # 到[0,1]"
    },
    "gyroscope": {
      "scale": 301.8902587890625,
      "actual_range": [
        -301.8902587890625,
        278.1097717285156
      ],
      "paper_range": [
        -600,
        600
      ],
      "method": "x / 301.8903  # 到[-1,1]\n    x = (x + 1) / 2  # 到[0,1]"
    },
    "grf": {
      "Fx_norm": {
        "min": -0.8299945422535212,
        "max": 0.868817411971831,
        "range": [
          -0.8299945422535212,
          0.868817411971831
        ],
        "method": "(x - -0.829995) / (0.868817 - -0.829995)"
      },
      "Fy_norm": {
        "min": -0.3758317781690141,
        "max": 1.0630352464788733,
        "range": [
          -0.3758317781690141,
          1.0630352464788733
        ],
        "method": "(x - -0.375832) / (1.063035 - -0.375832)"
      },
      "Fz_norm": {
        "min": -4.714875563380282,
        "max": 6.664062816901409,
        "range": [
          -4.714875563380282,
          6.664062816901409
        ],
        "method": "(x - -4.714876) / (6.664063 - -4.714876)"
      }
    }
  }
}