{
  "dataset": "swaying_s3_merged_model_ready",
  "samples": 31137,
  "feature_columns": {
    "capsense": [
      "C0",
      "C1",
      "C2",
      "C3",
      "C4",
      "C5",
      "C6",
      "C7",
      "C8",
      "C9",
      "C10",
      "C11"
    ],
    "accelerometer": [
      "Ax",
      "Ay",
      "Az"
    ],
    "gyroscope": [
      "Gr",
      "Gp"
    ]
  },
  "label_columns": [
    "Fx_norm",
    "Fy_norm",
    "Fz_norm"
  ],
  "normalization": {
    "capsense": {
      "paper_scale": 800.0,
      "actual_range": [
        410.0,
        770.0
      ],
      "method": "x / 800.0"
    },
    "accelerometer": {
      "scale": 11.47705078125,
      "actual_range": [
        -6.79541015625,
        11.47705078125
      ],
      "paper_range": [
        -1,
        1
      ],
      "method": "x / 11.4771  # 到[-1,1]\n    x = (x + 1) / 2  # 到[0,1]"
    },
    "gyroscope": {
      "scale": 646.4634399414062,
      "actual_range": [
        -646.4634399414062,
        485.06097412109375
      ],
      "paper_range": [
        -600,
        600
      ],
      "method": "x / 646.4634  # 到[-1,1]\n    x = (x + 1) / 2  # 到[0,1]"
    },
    "grf": {
      "Fx_norm": {
        "min": -2.708142710413695,
        "max": 2.894844350927247,
        "range": [
          -2.708142710413695,
          2.894844350927247
        ],
        "method": "(x - -2.708143) / (2.894844 - -2.708143)"
      },
      "Fy_norm": {
        "min": -4.273014550641941,
        "max": 4.200419942938659,
        "range": [
          -4.273014550641941,
          4.200419942938659
        ],
        "method": "(x - -4.273015) / (4.200420 - -4.273015)"
      },
      "Fz_norm": {
        "min": -0.0694157346647646,
        "max": 20.4274310128388,
        "range": [
          -0.0694157346647646,
          20.4274310128388
        ],
        "method": "(x - -0.069416) / (20.427431 - -0.069416)"
      }
    }
  }
}