{
  "dataset": "jump_inplace_s5_merged_model_ready",
  "samples": 29895,
  "feature_columns": {
    "capsense": [
      "C0",
      "C1",
      "C2",
      "C3",
      "C4",
      "C5",
      "C6",
      "C7",
      "C8",
      "C9",
      "C10",
      "C11"
    ],
    "accelerometer": [
      "Ax",
      "Ay",
      "Az"
    ],
    "gyroscope": [
      "Gr",
      "Gp"
    ]
  },
  "label_columns": [
    "Fx_norm",
    "Fy_norm",
    "Fz_norm"
  ],
  "normalization": {
    "capsense": {
      "paper_scale": 800.0,
      "actual_range": [
        306.0,
        770.0
      ],
      "method": "x / 800.0"
    },
    "accelerometer": {
      "scale": 10.1005859375,
      "actual_range": [
        -10.1005859375,
        9.4228515625
      ],
      "paper_range": [
        -1,
        1
      ],
      "method": "x / 10.1006  # 到[-1,1]\n    x = (x + 1) / 2  # 到[0,1]"
    },
    "gyroscope": {
      "scale": 883.2317504882812,
      "actual_range": [
        -883.2317504882812,
        444.8780517578125
      ],
      "paper_range": [
        -600,
        600
      ],
      "method": "x / 883.2318  # 到[-1,1]\n    x = (x + 1) / 2  # 到[0,1]"
    },
    "grf": {
      "Fx_norm": {
        "min": -0.8532658021390375,
        "max": 3.4115379812834226,
        "range": [
          -0.8532658021390375,
          3.4115379812834226
        ],
        "method": "(x - -0.853266) / (3.411538 - -0.853266)"
      },
      "Fy_norm": {
        "min": -2.406022901069519,
        "max": 4.9520662433155085,
        "range": [
          -2.406022901069519,
          4.9520662433155085
        ],
        "method": "(x - -2.406023) / (4.952066 - -2.406023)"
      },
      "Fz_norm": {
        "min": -4.890585307486632,
        "max": 16.544933168449198,
        "range": [
          -4.890585307486632,
          16.544933168449198
        ],
        "method": "(x - -4.890585) / (16.544933 - -4.890585)"
      }
    }
  }
}