{
  "dataset": "jogging_s5_merged_model_ready",
  "samples": 30458,
  "feature_columns": {
    "capsense": [
      "C0",
      "C1",
      "C2",
      "C3",
      "C4",
      "C5",
      "C6",
      "C7",
      "C8",
      "C9",
      "C10",
      "C11"
    ],
    "accelerometer": [
      "Ax",
      "Ay",
      "Az"
    ],
    "gyroscope": [
      "Gr",
      "Gp"
    ]
  },
  "label_columns": [
    "Fx_norm",
    "Fy_norm",
    "Fz_norm"
  ],
  "normalization": {
    "capsense": {
      "paper_scale": 800.0,
      "actual_range": [
        293.0,
        765.0
      ],
      "method": "x / 800.0"
    },
    "accelerometer": {
      "scale": 6.8583984375,
      "actual_range": [
        -6.6962890625,
        6.8583984375
      ],
      "paper_range": [
        -1,
        1
      ],
      "method": "x / 6.8584  # 到[-1,1]\n    x = (x + 1) / 2  # 到[0,1]"
    },
    "gyroscope": {
      "scale": 429.0244140625,
      "actual_range": [
        -429.0244140625,
        343.2926940917969
      ],
      "paper_range": [
        -600,
        600
      ],
      "method": "x / 429.0244  # 到[-1,1]\n    x = (x + 1) / 2  # 到[0,1]"
    },
    "grf": {
      "Fx_norm": {
        "min": -0.9523605213903744,
        "max": 2.9585620989304813,
        "range": [
          -0.9523605213903744,
          2.9585620989304813
        ],
        "method": "(x - -0.952361) / (2.958562 - -0.952361)"
      },
      "Fy_norm": {
        "min": -2.294656336898396,
        "max": 3.2435385828877004,
        "range": [
          -2.294656336898396,
          3.2435385828877004
        ],
        "method": "(x - -2.294656) / (3.243539 - -2.294656)"
      },
      "Fz_norm": {
        "min": -5.005354852941177,
        "max": 17.94727644385027,
        "range": [
          -5.005354852941177,
          17.94727644385027
        ],
        "method": "(x - -5.005355) / (17.947276 - -5.005355)"
      }
    }
  }
}