{
  "dataset": "jump_inplace_s4_merged_model_ready",
  "samples": 30839,
  "feature_columns": {
    "capsense": [
      "C0",
      "C1",
      "C2",
      "C3",
      "C4",
      "C5",
      "C6",
      "C7",
      "C8",
      "C9",
      "C10",
      "C11"
    ],
    "accelerometer": [
      "Ax",
      "Ay",
      "Az"
    ],
    "gyroscope": [
      "Gr",
      "Gp"
    ]
  },
  "label_columns": [
    "Fx_norm",
    "Fy_norm",
    "Fz_norm"
  ],
  "normalization": {
    "capsense": {
      "paper_scale": 800.0,
      "actual_range": [
        414.0,
        757.0
      ],
      "method": "x / 800.0"
    },
    "accelerometer": {
      "scale": 15.99951171875,
      "actual_range": [
        -6.59912109375,
        15.99951171875
      ],
      "paper_range": [
        -1,
        1
      ],
      "method": "x / 15.9995  # 到[-1,1]\n    x = (x + 1) / 2  # 到[0,1]"
    },
    "gyroscope": {
      "scale": 686.5853881835938,
      "actual_range": [
        -686.5853881835938,
        378.8414611816406
      ],
      "paper_range": [
        -600,
        600
      ],
      "method": "x / 686.5854  # 到[-1,1]\n    x = (x + 1) / 2  # 到[0,1]"
    },
    "grf": {
      "Fx_norm": {
        "min": -1.177217323943662,
        "max": 2.0828436267605634,
        "range": [
          -1.177217323943662,
          2.0828436267605634
        ],
        "method": "(x - -1.177217) / (2.082844 - -1.177217)"
      },
      "Fy_norm": {
        "min": -3.134405404929577,
        "max": 7.732521971830986,
        "range": [
          -3.134405404929577,
          7.732521971830986
        ],
        "method": "(x - -3.134405) / (7.732522 - -3.134405)"
      },
      "Fz_norm": {
        "min": -4.666942904929578,
        "max": 17.035850334507042,
        "range": [
          -4.666942904929578,
          17.035850334507042
        ],
        "method": "(x - -4.666943) / (17.035850 - -4.666943)"
      }
    }
  }
}