{
  "dataset": "swaying_s4_merged_model_ready",
  "samples": 30349,
  "feature_columns": {
    "capsense": [
      "C0",
      "C1",
      "C2",
      "C3",
      "C4",
      "C5",
      "C6",
      "C7",
      "C8",
      "C9",
      "C10",
      "C11"
    ],
    "accelerometer": [
      "Ax",
      "Ay",
      "Az"
    ],
    "gyroscope": [
      "Gr",
      "Gp"
    ]
  },
  "label_columns": [
    "Fx_norm",
    "Fy_norm",
    "Fz_norm"
  ],
  "normalization": {
    "capsense": {
      "paper_scale": 800.0,
      "actual_range": [
        397.0,
        767.0
      ],
      "method": "x / 800.0"
    },
    "accelerometer": {
      "scale": 6.45068359375,
      "actual_range": [
        -4.0908203125,
        6.45068359375
      ],
      "paper_range": [
        -1,
        1
      ],
      "method": "x / 6.4507  # 到[-1,1]\n    x = (x + 1) / 2  # 到[0,1]"
    },
    "gyroscope": {
      "scale": 210.4268341064453,
      "actual_range": [
        -210.4268341064453,
        191.5853729248047
      ],
      "paper_range": [
        -600,
        600
      ],
      "method": "x / 210.4268  # 到[-1,1]\n    x = (x + 1) / 2  # 到[0,1]"
    },
    "grf": {
      "Fx_norm": {
        "min": -1.2232998415492955,
        "max": 1.3292757570422538,
        "range": [
          -1.2232998415492955,
          1.3292757570422538
        ],
        "method": "(x - -1.223300) / (1.329276 - -1.223300)"
      },
      "Fy_norm": {
        "min": -0.3834131866197183,
        "max": 0.5211882394366197,
        "range": [
          -0.3834131866197183,
          0.5211882394366197
        ],
        "method": "(x - -0.383413) / (0.521188 - -0.383413)"
      },
      "Fz_norm": {
        "min": -4.374469577464789,
        "max": 6.043635281690141,
        "range": [
          -4.374469577464789,
          6.043635281690141
        ],
        "method": "(x - -4.374470) / (6.043635 - -4.374470)"
      }
    }
  }
}