{
  "dataset": "jogging_s4_merged_model_ready",
  "samples": 29452,
  "feature_columns": {
    "capsense": [
      "C0",
      "C1",
      "C2",
      "C3",
      "C4",
      "C5",
      "C6",
      "C7",
      "C8",
      "C9",
      "C10",
      "C11"
    ],
    "accelerometer": [
      "Ax",
      "Ay",
      "Az"
    ],
    "gyroscope": [
      "Gr",
      "Gp"
    ]
  },
  "label_columns": [
    "Fx_norm",
    "Fy_norm",
    "Fz_norm"
  ],
  "normalization": {
    "capsense": {
      "paper_scale": 800.0,
      "actual_range": [
        401.0,
        758.0
      ],
      "method": "x / 800.0"
    },
    "accelerometer": {
      "scale": 9.64208984375,
      "actual_range": [
        -6.75,
        9.64208984375
      ],
      "paper_range": [
        -1,
        1
      ],
      "method": "x / 9.6421  # 到[-1,1]\n    x = (x + 1) / 2  # 到[0,1]"
    },
    "gyroscope": {
      "scale": 506.8292846679688,
      "actual_range": [
        -506.8292846679688,
        283.5365905761719
      ],
      "paper_range": [
        -600,
        600
      ],
      "method": "x / 506.8293  # 到[-1,1]\n    x = (x + 1) / 2  # 到[0,1]"
    },
    "grf": {
      "Fx_norm": {
        "min": -1.101826795774648,
        "max": 2.0173400176056338,
        "range": [
          -1.101826795774648,
          2.0173400176056338
        ],
        "method": "(x - -1.101827) / (2.017340 - -1.101827)"
      },
      "Fy_norm": {
        "min": -1.3253712852112676,
        "max": 5.497777588028169,
        "range": [
          -1.3253712852112676,
          5.497777588028169
        ],
        "method": "(x - -1.325371) / (5.497778 - -1.325371)"
      },
      "Fz_norm": {
        "min": -4.055096742957747,
        "max": 14.839398626760564,
        "range": [
          -4.055096742957747,
          14.839398626760564
        ],
        "method": "(x - -4.055097) / (14.839399 - -4.055097)"
      }
    }
  }
}