{
  "dataset": "jump_fb_s4_merged_model_ready",
  "samples": 29922,
  "feature_columns": {
    "capsense": [
      "C0",
      "C1",
      "C2",
      "C3",
      "C4",
      "C5",
      "C6",
      "C7",
      "C8",
      "C9",
      "C10",
      "C11"
    ],
    "accelerometer": [
      "Ax",
      "Ay",
      "Az"
    ],
    "gyroscope": [
      "Gr",
      "Gp"
    ]
  },
  "label_columns": [
    "Fx_norm",
    "Fy_norm",
    "Fz_norm"
  ],
  "normalization": {
    "capsense": {
      "paper_scale": 800.0,
      "actual_range": [
        413.0,
        764.0
      ],
      "method": "x / 800.0"
    },
    "accelerometer": {
      "scale": 16.0,
      "actual_range": [
        -16.0,
        15.99951171875
      ],
      "paper_range": [
        -1,
        1
      ],
      "method": "x / 16.0000  # 到[-1,1]\n    x = (x + 1) / 2  # 到[0,1]"
    },
    "gyroscope": {
      "scale": 874.9390258789062,
      "actual_range": [
        -874.9390258789062,
        845.1829223632812
      ],
      "paper_range": [
        -600,
        600
      ],
      "method": "x / 874.9390  # 到[-1,1]\n    x = (x + 1) / 2  # 到[0,1]"
    },
    "grf": {
      "Fx_norm": {
        "min": -0.3574891725352113,
        "max": 2.7511521478873244,
        "range": [
          -0.3574891725352113,
          2.7511521478873244
        ],
        "method": "(x - -0.357489) / (2.751152 - -0.357489)"
      },
      "Fy_norm": {
        "min": -2.104270017605634,
        "max": 9.811372623239436,
        "range": [
          -2.104270017605634,
          9.811372623239436
        ],
        "method": "(x - -2.104270) / (9.811373 - -2.104270)"
      },
      "Fz_norm": {
        "min": -0.0512921302816901,
        "max": 20.18415450704225,
        "range": [
          -0.0512921302816901,
          20.18415450704225
        ],
        "method": "(x - -0.051292) / (20.184155 - -0.051292)"
      }
    }
  }
}