{
  "dataset": "jump_inplace_s3_merged_model_ready",
  "samples": 30439,
  "feature_columns": {
    "capsense": [
      "C0",
      "C1",
      "C2",
      "C3",
      "C4",
      "C5",
      "C6",
      "C7",
      "C8",
      "C9",
      "C10",
      "C11"
    ],
    "accelerometer": [
      "Ax",
      "Ay",
      "Az"
    ],
    "gyroscope": [
      "Gr",
      "Gp"
    ]
  },
  "label_columns": [
    "Fx_norm",
    "Fy_norm",
    "Fz_norm"
  ],
  "normalization": {
    "capsense": {
      "paper_scale": 800.0,
      "actual_range": [
        339.0,
        772.0
      ],
      "method": "x / 800.0"
    },
    "accelerometer": {
      "scale": 13.685546875,
      "actual_range": [
        -11.642578125,
        13.685546875
      ],
      "paper_range": [
        -1,
        1
      ],
      "method": "x / 13.6855  # 到[-1,1]\n    x = (x + 1) / 2  # 到[0,1]"
    },
    "gyroscope": {
      "scale": 1540.3658447265625,
      "actual_range": [
        -1540.3658447265625,
        416.768310546875
      ],
      "paper_range": [
        -600,
        600
      ],
      "method": "x / 1540.3658  # 到[-1,1]\n    x = (x + 1) / 2  # 到[0,1]"
    },
    "grf": {
      "Fx_norm": {
        "min": -0.5748386875891583,
        "max": 3.0693266761768903,
        "range": [
          -0.5748386875891583,
          3.0693266761768903
        ],
        "method": "(x - -0.574839) / (3.069327 - -0.574839)"
      },
      "Fy_norm": {
        "min": -2.2835283166904423,
        "max": 5.518230328102711,
        "range": [
          -2.2835283166904423,
          5.518230328102711
        ],
        "method": "(x - -2.283528) / (5.518230 - -2.283528)"
      },
      "Fz_norm": {
        "min": -0.0525602282453637,
        "max": 20.92277078459344,
        "range": [
          -0.0525602282453637,
          20.92277078459344
        ],
        "method": "(x - -0.052560) / (20.922771 - -0.052560)"
      }
    }
  }
}