{
  "dataset": "swaying_s1_merged_model_ready",
  "samples": 21423,
  "feature_columns": {
    "capsense": [
      "C0",
      "C1",
      "C2",
      "C3",
      "C4",
      "C5",
      "C6",
      "C7",
      "C8",
      "C9",
      "C10",
      "C11"
    ],
    "accelerometer": [
      "Ax",
      "Ay",
      "Az"
    ],
    "gyroscope": [
      "Gr",
      "Gp"
    ]
  },
  "label_columns": [
    "Fx_norm",
    "Fy_norm",
    "Fz_norm"
  ],
  "normalization": {
    "capsense": {
      "paper_scale": 800.0,
      "actual_range": [
        439.0,
        741.0
      ],
      "method": "x / 800.0"
    },
    "accelerometer": {
      "scale": 12.06103515625,
      "actual_range": [
        -8.2861328125,
        12.06103515625
      ],
      "paper_range": [
        -1,
        1
      ],
      "method": "x / 12.0610  # 到[-1,1]\n    x = (x + 1) / 2  # 到[0,1]"
    },
    "gyroscope": {
      "scale": 632.4390258789062,
      "actual_range": [
        -545.5487670898438,
        632.4390258789062
      ],
      "paper_range": [
        -600,
        600
      ],
      "method": "x / 632.4390  # 到[-1,1]\n    x = (x + 1) / 2  # 到[0,1]"
    },
    "grf": {
      "Fx_norm": {
        "min": -0.8513545209368345,
        "max": 5.30520631653655,
        "range": [
          -0.8513545209368345,
          5.30520631653655
        ],
        "method": "(x - -0.851355) / (5.305206 - -0.851355)"
      },
      "Fy_norm": {
        "min": -1.36538,
        "max": 0.840043846699787,
        "range": [
          -1.36538,
          0.840043846699787
        ],
        "method": "(x - -1.365380) / (0.840044 - -1.365380)"
      },
      "Fz_norm": {
        "min": -0.0549658339247693,
        "max": 11.183708701206529,
        "range": [
          -0.0549658339247693,
          11.183708701206529
        ],
        "method": "(x - -0.054966) / (11.183709 - -0.054966)"
      }
    }
  }
}